{
  "cactus_fire":
    [
        {"file":"sounds/sfx_wpn_missiles/cactus_fire.ogg","pitch":0.95,"volume":0.25},
    ],
		"raven_pulse":
	[
		{"file":"sounds/sfx_wpn_missiles/raven_pulse_a.ogg","pitch":1.00,"volume":0.05},
		{"file":"sounds/sfx_wpn_missiles/raven_pulse_b.ogg","pitch":1.00,"volume":0.05},
		{"file":"sounds/sfx_wpn_missiles/raven_pulse_c.ogg","pitch":1.00,"volume":0.05},
	],
		"scream_of_the_damned":
	[
		{"file":"sounds/sfx_wpn_missiles/scream_of_the_damned.ogg","pitch":1.20,"volume":0.25},
		{"file":"sounds/sfx_wpn_missiles/scream_of_the_damned.ogg","pitch":1.15,"volume":0.25},
		{"file":"sounds/sfx_wpn_missiles/scream_of_the_damned.ogg","pitch":1.10,"volume":0.25},
		{"file":"sounds/sfx_wpn_missiles/scream_of_the_damned.ogg","pitch":1.05,"volume":0.25},
		{"file":"sounds/sfx_wpn_missiles/scream_of_the_damned.ogg","pitch":1.02,"volume":0.25},
		{"file":"sounds/sfx_wpn_missiles/scream_of_the_damned.ogg","pitch":1.00,"volume":0.25},
		{"file":"sounds/sfx_wpn_missiles/scream_of_the_damned.ogg","pitch":0.98,"volume":0.25},
		{"file":"sounds/sfx_wpn_missiles/scream_of_the_damned.ogg","pitch":0.95,"volume":0.25},
		{"file":"sounds/sfx_wpn_missiles/scream_of_the_damned.ogg","pitch":0.90,"volume":0.25},
		{"file":"sounds/sfx_wpn_missiles/scream_of_the_damned.ogg","pitch":0.85,"volume":0.25},
		{"file":"sounds/sfx_wpn_missiles/scream_of_the_damned.ogg","pitch":0.80,"volume":0.25},
	],
	
}