id,type,text1,text2,text3,text4,notes
sequence_sequence,SHIP,"High-octane fighter based of groundbreaking work on a super heavy gas giant atmosphere traversal vehicle. Cactus was developed to give a kick to fighting groups. Its weapon might not be as threatening on the first glance, but it does create a difference when it counts. Probably not.

Cactus was found initially on Chicomoztoc collecting dust somewhere. Its blueprints were then recovered from some old space station during the first AI War. But it didn't make it to either the Tri-Tachyon or the Hegemony. Instead being put aside for more conventional methods of warfare. It was however made useful for the Kazeron's government. Becoming the face of its military. Somewhat. Its expensive and incomprehensibly complex production makes it difficult for it to become mainstream.",,,,
sequence_harpoon,WEAPON,Launches a projectile that dumps a swarm of electrons along a package of goo-like shrapnel which burrows into the victim's skin and causes them to turn blue. Unless they exploded which is more probable.,,,,
