id,type,text1,text2,text3,text4,notes
sequence_sequence,SHIP,"A mysterious fighter found in a ditch somewhere. Deploys organic explosives to assist allied mosquitoes not equipped with hard-hitting weaponry.

Not much is known about Sequence. Was it made by aliens? Did it come from the future? Or was it an unreleased product secretely tested on the frontier against some petty crooks when suddenly the Collapse occured? Everything is possible.",,,,
sequence_harpoon,WEAPON,The most ominous part about the ship. The projectile is assembled by what appears to be ammonia-based entities suspended in twenty degrees Kelvin temperatures. It's impossible to determine whether these were engineered or found somewhere.,,,,
