{
  "cactus_fire":
    [
        {"file":"sounds/sfx_wpn_missiles/cactus_fire.ogg","pitch":0.95,"volume":0.25},
    ],
		"raven_pulse":
	[
		{"file":"sounds/sfx_wpn_missiles/raven_pulse_a.ogg","pitch":1.00,"volume":0.05},
		{"file":"sounds/sfx_wpn_missiles/raven_pulse_b.ogg","pitch":1.00,"volume":0.05},
		{"file":"sounds/sfx_wpn_missiles/raven_pulse_c.ogg","pitch":1.00,"volume":0.05},
	],
		"scream":
	[
		{"file":"sounds/sfx_wpn_missiles/scream.ogg","pitch":1.15,"volume":0.1},
		{"file":"sounds/sfx_wpn_missiles/scream.ogg","pitch":1.12,"volume":0.1},
		{"file":"sounds/sfx_wpn_missiles/scream.ogg","pitch":1.09,"volume":0.1},
		{"file":"sounds/sfx_wpn_missiles/scream.ogg","pitch":1.06,"volume":0.1},
		{"file":"sounds/sfx_wpn_missiles/scream.ogg","pitch":1.03,"volume":0.1},
		{"file":"sounds/sfx_wpn_missiles/scream.ogg","pitch":1.00,"volume":0.1},
		{"file":"sounds/sfx_wpn_missiles/scream.ogg","pitch":0.97,"volume":0.1},
		{"file":"sounds/sfx_wpn_missiles/scream.ogg","pitch":0.94,"volume":0.1},
		{"file":"sounds/sfx_wpn_missiles/scream.ogg","pitch":0.91,"volume":0.1},
		{"file":"sounds/sfx_wpn_missiles/scream.ogg","pitch":0.88,"volume":0.1},
		{"file":"sounds/sfx_wpn_missiles/scream.ogg","pitch":0.85,"volume":0.1},
	],
}